INSERT INTO users (name, age)
VALUES
  ("Iguana", 33),
  ("Swizzle", 33),
  ("Sirius", 33),
  ("Alex", 33),
  ("Marisa", 33),
  ("Voldemort", 33),
  ("Amanda", 33),
  ("Bear", 33),
  ("Hermione", 33),
  ("Rosey", 33),
  ("Pacha", 33),
  ("Sophie", 33),
  ("Finnebar", 33),
  ("Franz", 33),
  ("Ena", 33),
  ("Whale", 33),
  ("Katie", 33),
  ("Squid", 33),
  ("Albus", 33),
  ("Victoria", 33);

  INSERT INTO projects (title, funding_goal)
  VALUES
    ("Animal shelter needs dog food", 210),
    ("Help me buy a guitar", 98),
    ("Help save birds of paradise", 170),
    ("I have bed bugs!", 740),
    ("I want to teach English in China", 200),
    ("Iguana needs tail operation", 1035.5),
    ("My book on SQL", 20),
    ("The next Harry Potter", 120),
    ("The next Inna-Gadda-Davida", 342),
    ("Voldement needs a body", 489);

  INSERT INTO pledges (user_id, project_id, amount)
  VALUES
    ("Albus", 113, 470),
    ("Alex", 33, 20),
    ("Amanda", 24, 40),
    ("Bear", 6, 50),
    ("Ena", 24, 100),
    ("Finnebar", 17, 70),
    ("Franz", 100, 90),
    ("Hermione", 30, 50),
    ("Iguana", 4, 10),
    ("Katie", 24, 170),
    ("Marisa", 24, 24),
    ("Pacha", 5, 60),
    ("Rosey", 9, 50),
    ("Sirius", 36, 19),
    ("Sophie", 24, 60),
    ("Squid", 5, 270),
    ("Swizzle", 4, 12),
    ("Victoria", 23, 1700),
    ("Voldemort", 90, 34),
    ("Whale", 6, 125.5),
    ("Marisa", 24, 24),
    ("Pacha", 5, 60),
    ("Rosey", 9, 50),
    ("Sirius", 36, 19),
    ("Sophie", 24, 60),
    ("Squid", 5, 270),
    ("Swizzle", 4, 12),
    ("Victoria", 23, 1700),
    ("Voldemort", 90, 34),
    ("Whale", 6, 125.5);
